<?xml version="1.0" encoding="UTF-8"?>
<!DOCTYPE generatorConfiguration
        PUBLIC "-//mybatis.org//DTD MyBatis Generator Configuration 1.0//EN"
        "http://mybatis.org/dtd/mybatis-generator-config_1_0.dtd">

<generatorConfiguration>
    <properties resource="application-dev.properties"/>

	<!-- 数据库驱动:选择你的本地硬盘上面的数据库驱动包
	<classPathEntry location=""/> -->

    <context id="Mysql" targetRuntime="MyBatis3Simple" defaultModelType="flat">
        <property name="beginningDelimiter" value="`"/>
        <property name="endingDelimiter" value="`"/>

        <plugin type="tk.mybatis.mapper.generator.MapperPlugin">
            <property name="mappers" value="tk.mybatis.springboot.util.MyMapper"/>
        </plugin>
        
        <commentGenerator>
        	<property name="suppressDate" value="true"/>
            <!-- 是否去除自动生成的注释 true：是 ： false:否 -->
            <property name="suppressAllComments" value="true"/>
        </commentGenerator>
        
		<!--数据库链接URL，用户名、密码 -->
        <jdbcConnection driverClass="${spring.datasource.driver-class-name}"
                        connectionURL="${spring.datasource.url}"
                        userId="${spring.datasource.username}"
                        password="${spring.datasource.password}">
        </jdbcConnection>

		<!-- 生成模型的包名和位置-->
        <javaModelGenerator targetPackage="tk.mybatis.springboot.model" targetProject="src/main/java"/>
		
		<!-- 生成映射文件的包名和位置-->
        <sqlMapGenerator targetPackage="mapper" targetProject="src/main/resources"/>

		<!-- 生成DAO的包名和位置-->
        <javaClientGenerator targetPackage="tk.mybatis.springboot.mapper" targetProject="src/main/java"
                             type="XMLMAPPER"/>
		
		<!-- 要生成的表 tableName是数据库中的表名或视图名 domainObjectName是实体类名-->
        <table tableName="country">
            <!--mysql 配置-->
            <generatedKey column="id" sqlStatement="Mysql" identity="true"/>
            <!--oracle 配置-->
            <!--<generatedKey column="id" sqlStatement="select SEQ_{1}.nextval from dual" identity="false" type="pre"/>-->
        </table>
    </context>
</generatorConfiguration>